Sample_Name,Sample_Well,Sample_Plate,Sample_Group,Donor,Pool_ID,Sentrix_ID,Sentrix_Position,Scan_Date,barcode
MAC A,B05,SMET0256,MAC,A,Epic,202163550095,R02C01,27-Apr-18,202163550095_R02C01
MO B,D05,SMET0256,MO,B,Epic,202163550095,R04C01,27-Apr-18,202163550095_R04C01
MAC C,F05,SMET0256,MAC,C,Epic,202163550095,R06C01,27-Apr-18,202163550095_R06C01
MO A,G05,SMET0256,MO,A,Epic,202163550095,R07C01,27-Apr-18,202163550095_R07C01
MO C,E06,SMET0256,MO,C,Epic,202163550097,R05C01,27-Apr-18,202163550097_R05C01
MAC B,G06,SMET0256,MAC,B,Epic,202163550097,R07C01,27-Apr-18,202163550097_R07C01
